"1","Cooper Kupp (LAR)","145","191","1,947","13.4","59","57","16","4","18","0","0","17","367.0","21.6","100.0%"
"2","Deebo Samuel (SF)","77","121","1,405","18.2","83","53","6","59","365","8","2","16","300.5","18.8","99.9%"
"3","Davante Adams (LV)","123","169","1,553","12.6","59","37","11","0","0","0","0","16","282.8","17.7","100.0%"
"4","Justin Jefferson (MIN)","108","167","1,616","15.0","56","45","10","6","14","0","1","17","276.4","16.3","99.9%"
"5","Ja'Marr Chase (CIN)","81","128","1,455","18.0","82","49","13","7","21","0","1","17","264.1","15.5","100.0%"
"6","Tyreek Hill (MIA)","111","159","1,239","11.2","75","24","9","9","96","0","1","17","241.0","14.2","99.9%"
"7","Stefon Diggs (BUF)","103","164","1,225","11.9","61","24","10","0","0","0","0","17","234.0","13.8","100.0%"
"8","Mike Evans (TB)","74","114","1,035","14.0","46","30","14","1","10","0","0","16","225.5","14.1","99.7%"
"9","Diontae Johnson (PIT)","107","169","1,161","10.9","50","27","8","5","53","0","2","16","220.9","13.8","96.9%"
"10","Mike Williams (LAC)","76","129","1,146","15.1","72","37","9","0","0","0","0","16","208.6","13.0","96.7%"
"11","Hunter Renfrow (LV)","103","128","1,038","10.1","54","14","9","3","3","0","1","17","207.6","12.2","90.3%"
"12","DK Metcalf (SEA)","75","129","967","12.9","84","19","12","1","6","0","0","17","206.8","12.2","96.7%"
"13","Tyler Lockett (SEA)","73","107","1,175","16.1","69","43","8","2","9","0","0","16","204.9","12.8","87.4%"
"14","Keenan Allen (LAC)","106","157","1,138","10.7","42","19","6","0","0","0","0","16","204.8","12.8","99.9%"
"15","Michael Pittman Jr. (IND)","88","129","1,082","12.3","57","20","6","5","44","0","0","17","194.6","11.4","98.8%"
"16","Jaylen Waddle (MIA)","104","140","1,015","9.8","57","15","6","2","3","1","1","16","193.8","12.1","97.8%"
"17","Chris Godwin (TB)","98","127","1,103","11.3","44","19","5","4","21","1","2","14","193.4","13.8","90.4%"
"18","CeeDee Lamb (DAL)","79","120","1,102","13.9","49","31","6","9","76","0","0","16","193.3","12.1","99.9%"
"19","DJ Moore (CAR)","93","163","1,157","12.4","64","20","4","8","48","0","1","17","191.0","11.2","98.3%"
"20","Brandin Cooks (HOU)","90","134","1,037","11.5","52","24","6","2","21","0","0","16","186.8","11.7","94.5%"
"21","Amon-Ra St. Brown (DET)","90","119","912","10.1","37","15","5","7","61","1","0","16","182.3","11.4","93.3%"
"22","Tee Higgins (CIN)","74","110","1,091","14.7","54","25","6","0","0","0","1","14","182.1","13.0","99.0%"
"23","Marquise Brown (ARI)","91","146","1,008","11.1","49","24","6","1","5","0","1","16","180.8","11.3","92.9%"
"24","Darnell Mooney (CHI)","81","140","1,055","13.0","64","26","4","6","32","1","0","17","179.2","10.5","90.6%"
"25","Terry McLaurin (WAS)","77","130","1,053","13.7","46","27","5","1","12","0","0","17","175.0","10.3","98.2%"
"26","Christian Kirk (JAC)","77","103","982","12.8","50","28","5","1","11","0","0","17","169.1","9.9","81.6%"
"27","Amari Cooper (CLE)","68","104","865","12.7","41","20","8","0","0","0","0","15","168.5","11.2","92.1%"
"28","Adam Thielen (MIN)","67","95","726","10.8","35","16","10","1","2","0","0","13","166.3","12.8","91.2%"
"29","DeVonta Smith (PHI)","64","104","916","14.3","46","22","5","0","0","0","1","17","153.6","9.0","86.7%"
"30","Kendrick Bourne (NE)","55","70","800","14.5","75","22","5","12","125","0","1","17","153.0","9.0","5.5%"
"31","Tyler Boyd (CIN)","67","94","828","12.4","68","18","5","2","22","0","0","16","150.3","9.4","60.2%"
"32","A.J. Brown (PHI)","63","105","869","13.8","57","17","5","2","10","0","0","13","149.4","11.5","99.1%"
"33","Jakobi Meyers (NE)","83","126","866","10.4","39","14","2","1","9","0","1","16","144.8","9.1","52.6%"
"34","Marvin Jones Jr. (JAC)","73","120","832","11.4","33","15","4","0","0","0","0","17","143.7","8.5","20.3%"
"35","Van Jefferson (LAR)","50","89","802","16.0","79","26","6","2","20","0","0","17","143.2","8.4","11.8%"
"36","Brandon Aiyuk (SF)","56","84","826","14.8","43","23","5","5","17","0","1","17","142.3","8.4","85.4%"
"37","Chase Claypool (PIT)","59","105","860","14.6","59","26","2","14","96","0","0","15","137.1","9.1","74.9%"
"38","K.J. Osborn (MIN)","50","82","655","13.1","64","18","7","1","10","0","0","17","133.5","7.9","6.7%"
"39","Russell Gage (TB)","66","94","770","11.7","49","11","4","0","0","0","2","13","130.0","10.0","61.2%"
"40","Tim Patrick (DEN)","53","85","734","13.8","44","15","5","0","0","0","0","16","129.9","8.1","5.7%"
"41","A.J. Green (ARI)","54","92","848","15.7","42","28","3","0","0","0","0","16","129.8","8.1","7.0%"
"42","Marquez Callaway (NO)","46","84","698","15.2","58","18","6","0","0","0","0","17","128.8","7.6","1.2%"
"43","DeAndre Hopkins (ARI)","42","64","572","13.6","55","13","8","0","0","0","0","10","126.2","12.6","84.0%"
"44","Cedrick Wilson Jr. (MIA)","45","61","602","13.4","73","16","6","2","11","0","0","14","125.3","9.0","2.4%"
"45","Allen Lazard (GB)","40","60","513","12.8","42","12","8","3","32","0","0","14","122.5","8.8","85.8%"
"46","Courtland Sutton (DEN)","58","98","776","13.4","55","19","2","0","0","0","0","17","121.2","7.1","94.8%"
"47","Cole Beasley (FA)","82","112","693","8.5","29","5","1","0","0","0","0","16","118.3","7.4","0.7%"
"48","Elijah Moore (NYJ)","43","77","538","12.5","62","12","5","5","54","1","0","11","116.7","10.6","85.2%"
"49","Robert Woods (TEN)","45","69","556","12.4","28","8","4","8","46","1","0","9","114.7","12.7","74.7%"
"50","Robbie Anderson (CAR)","53","110","519","9.8","57","6","5","3","36","0","0","17","112.0","6.6","23.8%"
"51","Mecole Hardman (KC)","59","83","693","11.7","53","17","2","8","46","0","2","17","111.4","6.6","39.9%"
"52","Emmanuel Sanders (FA)","42","72","626","14.9","41","15","4","2","31","0","0","14","110.7","7.9","0.6%"
"53","Kalif Raymond (DET)","48","71","576","12.0","75","12","4","4","28","0","0","16","108.4","6.8","0.2%"
"54","Gabriel Davis (BUF)","35","63","549","15.7","49","17","6","0","0","0","0","15","108.4","7.2","91.5%"
"55","Odell Beckham Jr. (FA)","44","82","537","12.2","54","12","5","2","14","0","0","14","107.1","7.7","14.4%"
"56","Jarvis Landry (NO)","52","87","570","11.0","38","10","2","6","40","2","2","12","107.0","8.9","48.4%"
"57","Byron Pringle (CHI)","42","60","568","13.5","40","14","5","0","0","0","1","16","105.8","6.6","0.9%"
"58","Antonio Brown (FA)","42","62","545","13.0","62","15","4","1","6","0","0","7","100.1","14.3","0.8%"
"59","Braxton Berrios (NYJ)","46","65","431","9.4","46","7","2","7","40","2","1","16","98.1","6.1","2.2%"
"60","Laviska Shenault Jr. (JAC)","63","100","619","9.8","58","11","0","11","41","0","1","16","95.5","6.0","1.3%"
"61","Deonte Harty (NO)","36","59","570","15.8","72","16","3","5","41","0","1","13","95.1","7.3","0.6%"
"62","Quez Watkins (PHI)","43","62","647","15.0","91","22","1","1","3","0","0","17","94.5","5.6","0.8%"
"63","Donovan Peoples-Jones (CLE)","34","58","597","17.6","60","22","3","0","0","0","1","14","92.7","6.6","3.0%"
"64","Bryan Edwards (ATL)","34","59","571","16.8","51","19","3","1","0","0","0","16","92.1","5.8","0.9%"
"65","Nick Westbrook-Ikhine (TEN)","38","57","476","12.5","46","8","4","0","0","0","1","15","88.6","5.9","1.6%"
"66","Corey Davis (NYJ)","34","59","492","14.5","53","14","4","0","0","0","1","9","88.2","9.8","8.3%"
"67","Nelson Agholor (NE)","37","64","473","12.8","44","12","3","3","11","0","0","15","84.9","5.7","1.3%"
"68","Jamison Crowder (BUF)","51","71","447","8.8","29","3","2","0","0","0","1","12","84.2","7.0","6.1%"
"69","DeVante Parker (NE)","40","73","515","12.9","42","11","2","0","0","0","0","10","83.5","8.4","32.5%"
"70","Zay Jones (JAC)","47","70","546","11.6","43","14","1","2","3","0","1","15","82.4","5.5","0.9%"
"71","Rondale Moore (ARI)","54","64","435","8.1","77","7","1","18","76","0","1","14","82.1","5.9","29.5%"
"72","Jalen Guyton (LAC)","31","48","448","14.5","59","10","3","7","34","0","0","16","81.7","5.1","0.7%"
"73","Rashod Bateman (BAL)","46","68","515","11.2","36","12","1","0","0","0","0","12","80.5","6.7","88.7%"
"74","Randall Cobb (GB)","28","39","375","13.4","54","11","5","1","1","0","1","11","79.6","7.2","3.7%"
"75","Joshua Palmer (LAC)","33","49","353","10.7","36","4","4","1","6","0","0","15","76.4","5.1","15.3%"
"76","Zach Pascal (PHI)","38","69","384","10.1","41","9","3","2","21","0","1","16","75.5","4.7","0.3%"
"77","DeAndre Carter (LAC)","24","44","296","12.3","26","5","3","10","89","0","0","17","74.5","4.4","0.1%"
"78","Olamide Zaccheaus (ATL)","31","53","406","13.1","49","9","3","1","2","0","0","15","74.3","5.0","0.2%"
"79","Michael Gallup (DAL)","35","62","445","12.7","41","11","2","0","0","0","0","9","74.0","8.2","34.2%"
"80","Marquez Valdes-Scantling (KC)","26","55","430","16.5","75","17","3","0","0","0","0","11","74.0","6.7","52.1%"
"81","Freddie Swain (SEA)","25","40","343","13.7","68","13","4","5","32","0","0","17","74.0","4.4","0.1%"
"82","Henry Ruggs III (FA)","24","36","469","19.5","61","21","2","3","16","0","0","7","72.5","10.4","10.9%"
"83","Tre'Quan Smith (NO)","32","50","377","11.8","34","7","3","0","0","0","0","10","71.7","7.2","0.6%"
"84","Kenny Golladay (NYG)","37","76","521","14.1","36","6","0","0","0","0","0","14","70.6","5.0","52.0%"
"85","Jauan Jennings (SF)","24","38","282","11.8","34","5","5","0","0","0","0","13","70.2","5.4","0.6%"
"86","Allen Robinson II (LAR)","38","66","410","10.8","39","6","1","0","0","0","0","12","68.0","5.7","92.7%"
"87","Nico Collins (HOU)","33","60","446","13.5","32","11","1","0","0","0","0","14","67.1","4.8","13.9%"
"88","Josh Reynolds (DET)","29","49","396","13.7","39","7","2","0","0","0","0","11","66.1","6.0","0.7%"
"89","Jerry Jeudy (DEN)","38","56","467","12.3","40","10","0","2","3","0","0","10","66.0","6.6","94.5%"
"90","Laquon Treadwell (JAC)","33","51","434","13.2","41","10","1","0","0","0","0","12","65.9","5.5","0.1%"
"91","DeSean Jackson (FA)","20","34","454","22.7","75","19","2","1","4","0","1","14","65.8","4.7","2.6%"
"92","Julio Jones (TB)","31","48","434","14.0","51","9","1","0","0","0","0","10","64.9","6.5","40.3%"
"93","Keelan Cole Sr. (LV)","28","51","449","16.0","54","12","1","0","0","0","0","14","64.9","4.6","0.2%"
"94","Jamal Agnew (JAC)","24","39","229","9.5","29","4","1","7","111","1","0","12","64.0","5.3","0.1%"
"95","Kadarius Toney (NYG)","39","57","420","10.8","38","7","0","3","6","0","0","9","62.9","7.0","68.6%"
"96","T.Y. Hilton (FA)","23","37","331","14.4","52","11","3","0","0","0","0","10","62.6","6.3","0.6%"
"97","Jalen Reagor (PHI)","33","57","299","9.1","34","5","2","10","32","0","0","17","61.6","3.6","0.7%"
"98","Devin Duvernay (BAL)","33","47","272","8.2","21","1","2","7","50","0","0","16","60.7","3.8","5.0%"
"99","Sterling Shepard (NYG)","36","53","366","10.2","37","5","1","1","-9","0","0","7","59.7","8.5","2.2%"
"100","Adam Humphries (FA)","41","62","383","9.3","27","4","0","0","0","0","0","17","58.8","3.5","1.0%"
"101","Demarcus Robinson (BAL)","25","41","264","10.6","33","4","3","0","0","0","0","15","56.9","3.8","0.3%"
"102","Sammy Watkins (GB)","27","49","394","14.6","49","9","1","0","0","0","1","11","56.9","5.2","10.0%"
"103","Danny Amendola (FA)","24","38","248","10.3","39","6","3","0","0","0","0","8","56.8","7.1","0.0%"
"104","Darius Slayton (NYG)","26","58","339","13.0","42","7","2","1","-13","0","1","13","55.6","4.3","0.4%"
"105","Calvin Ridley (ATL)","31","52","281","9.1","22","3","2","0","0","0","0","5","55.6","11.1","1.5%"
"106","Tyler Johnson (TB)","36","55","360","10.0","31","6","0","0","0","0","0","16","54.0","3.4","0.2%"
"107","James Washington (DAL)","24","44","285","11.9","42","8","2","2","13","0","0","15","53.8","3.6","0.9%"
"108","Chris Conley (HOU)","22","37","323","14.7","41","10","2","1","3","0","1","14","53.6","3.8","0.9%"
"109","Mack Hollins (LV)","14","28","223","15.9","65","9","4","0","0","0","0","16","53.3","3.3","0.1%"
"110","Damiere Byrd (ATL)","26","38","329","12.7","54","6","1","0","0","0","1","11","51.9","4.7","0.1%"
"111","Chester Rogers (HOU)","30","43","301","10.0","39","4","1","1","9","0","1","16","50.0","3.1","0.0%"
"112","Antoine Wesley (ARI)","19","32","208","10.9","33","5","3","0","0","0","0","8","48.3","6.0","0.1%"
"113","Marquise Goodwin (SEA)","20","40","313","15.7","50","10","1","2","-1","0","0","14","47.2","3.4","0.1%"
"114","Ray-Ray McCloud (SF)","39","66","277","7.1","24","2","0","2","15","0","1","16","46.7","2.9","0.1%"
"115","Rashard Higgins (CAR)","24","47","275","11.5","21","1","1","0","0","0","0","12","45.5","3.8","0.2%"
"116","Chris Moore (HOU)","21","22","227","10.8","67","7","2","0","0","0","0","10","45.2","4.5","0.0%"
"117","Lil'Jordan Humphrey (NE)","13","18","249","19.2","56","9","2","0","0","0","0","8","43.4","5.4","0.0%"
"118","Isaiah McKenzie (BUF)","20","26","178","8.9","28","1","1","9","47","1","1","15","42.5","2.8","14.6%"
"119","Quintez Cephus (DET)","15","22","204","13.6","46","8","2","0","0","0","0","5","41.9","8.4","0.2%"
"120","Cam Sims (WAS)","15","23","211","14.1","43","4","2","1","7","0","0","12","41.3","3.4","0.0%"
"121","Brandon Zylstra (CAR)","18","25","250","13.9","55","7","1","0","0","0","0","12","40.0","3.3","0.1%"
"122","Cyril Grayson Jr. (TB)","10","12","212","21.2","62","11","2","1","14","0","0","3","39.6","13.2","0.0%"
"123","Tavon Austin (FA)","24","38","213","8.9","25","2","1","3","21","0","1","12","39.4","3.3","0.0%"
"124","Ashton Dulin (IND)","13","22","173","13.3","62","5","2","3","32","0","0","16","39.0","2.4","0.1%"
"125","Malik Turner (SF)","12","16","149","12.4","61","4","3","0","0","0","0","7","38.9","5.6","0.0%"
"126","John Ross (FA)","11","20","224","20.4","51","5","1","1","16","0","0","9","35.5","3.9","0.0%"
"127","Tajae Sharpe (CHI)","25","37","230","9.2","17","0","0","0","0","0","0","14","35.5","2.5","0.1%"
"128","Albert Wilson (FA)","25","39","213","8.5","64","4","0","4","17","0","0","10","35.5","3.6","0.0%"
"129","Isaiah Ford (FA)","12","16","161","13.4","52","5","2","0","0","0","0","9","34.1","3.8","0.0%"
"130","Jakeem Grant Sr. (CLE)","11","17","132","12.0","46","5","2","5","33","0","3","15","34.0","2.3","0.1%"
"131","Greg Ward (PHI)","7","11","95","13.6","27","1","3","0","0","0","0","10","31.1","3.1","0.1%"
"132","Kendall Hinton (DEN)","15","23","175","11.7","40","4","1","0","0","0","0","11","31.0","2.8","0.1%"
"133","DJ Chark Jr. (DET)","7","22","154","22.0","41","5","2","0","0","0","0","3","30.9","10.3","26.8%"
"134","Anthony Schwartz (CLE)","10","23","135","13.5","44","3","1","6","39","0","0","13","28.4","2.2","0.5%"
"135","James Proche II (BAL)","16","20","202","12.6","32","3","0","0","0","0","0","7","28.2","4.0","0.6%"
"136","Breshad Perriman (TB)","11","18","167","15.2","58","7","1","1","-3","0","0","5","27.9","5.6","0.1%"
"137","JuJu Smith-Schuster (KC)","15","28","129","8.6","24","1","0","3","9","1","0","5","27.3","5.5","92.9%"
"138","Parris Campbell (IND)","10","20","162","16.2","51","6","1","0","0","0","0","6","27.2","4.5","3.3%"
"139","Noah Brown (DAL)","16","25","184","11.5","27","3","0","0","0","0","0","10","26.4","2.6","0.6%"
"140","Ihmir Smith-Marsette (MIN)","5","6","116","23.2","44","6","2","0","0","0","0","6","26.1","4.4","0.1%"
"141","Mohamed Sanu Sr. (MIA)","15","24","177","11.8","21","1","0","0","0","0","0","8","25.2","3.2","0.0%"
"142","Terrace Marshall Jr. (CAR)","17","30","138","8.1","23","1","0","0","0","0","0","12","24.3","2.0","1.5%"
"143","KhaDarel Hodge (ATL)","13","27","157","12.1","42","4","0","0","0","0","0","12","24.2","2.0","0.0%"
"144","Dee Eskridge (SEA)","10","20","64","6.4","17","0","1","4","59","0","0","8","23.3","2.9","0.7%"
"145","N'Keal Harry (CHI)","12","22","184","15.3","43","5","0","0","0","0","1","10","22.4","2.2","0.2%"
"146","Dyami Brown (WAS)","12","25","165","13.8","48","5","0","1","-4","0","0","10","22.1","2.2","0.2%"
"147","Marcus Johnson (SF)","9","19","160","17.8","50","6","0","2","-2","0","0","7","20.3","2.9","0.0%"
"148","Dante Pettis (CHI)","10","16","87","8.7","27","1","1","0","0","0","0","3","20.3","6.8","0.0%"
"149","Trent Sherfield (MIA)","9","20","87","9.7","18","0","1","0","0","0","0","12","19.2","1.6","0.0%"
"150","Jody Fortson (KC)","5","5","47","9.4","27","1","2","0","0","0","0","4","19.2","4.8","0.2%"
"151","Ben Skowronek (LAR)","11","20","133","12.1","35","3","0","0","0","0","0","12","18.8","1.6","0.1%"
"152","Kristian Wilkerson (NE)","4","8","42","10.5","20","1","2","0","0","0","0","1","18.2","18.2","0.0%"
"153","Denzel Mims (NYJ)","8","23","133","16.6","40","5","0","0","0","0","0","10","17.3","1.7","0.2%"
"154","Scotty Miller (TB)","5","9","38","7.6","13","0","0","2","43","1","0","6","16.6","2.8","0.1%"
"155","Collin Johnson (NYG)","11","21","105","9.5","16","0","0","0","0","0","0","8","16.0","2.0","0.0%"
"156","Kenny Stills (FA)","6","23","68","11.3","22","1","1","1","1","0","0","7","15.9","2.3","0.0%"
"157","Equanimeous St. Brown (CHI)","9","17","98","10.9","26","1","0","3","14","0","0","12","15.7","1.3","0.2%"
"158","Tom Kennedy (DET)","6","10","54","9.0","15","0","0","0","0","0","0","7","15.4","2.2","0.1%"
"159","Trinity Benson (DET)","10","22","103","10.3","24","2","0","0","0","0","0","7","15.3","2.2","0.0%"
"160","Jeff Smith (NYJ)","8","17","113","14.1","35","2","0","1","-1","0","0","9","15.2","1.7","0.0%"
"161","Phillip Dorsett II (HOU)","7","14","110","15.7","36","4","0","1","0","0","0","5","14.5","2.9","0.1%"
"162","Dez Fitzpatrick (TEN)","5","8","49","9.8","18","0","1","0","0","0","0","3","13.4","4.5","0.1%"
"163","Shi Smith (CAR)","6","11","104","17.3","63","4","0","1","-3","0","0","5","13.1","2.6","0.1%"
"164","Chris Hogan (FA)","4","8","41","10.3","16","0","1","0","0","0","0","5","12.1","2.4","0.0%"
"165","Dede Westbrook (FA)","10","15","68","6.8","17","0","0","0","0","0","0","15","11.8","0.8","0.0%"
"166","Josh Gordon (KC)","5","14","32","6.4","11","0","1","0","0","0","0","9","11.7","1.3","0.3%"
"167","Anthony Miller (PIT)","6","12","25","4.2","10","0","1","0","0","0","0","3","11.5","3.8","0.0%"
"168","Auden Tate (ATL)","3","4","39","13.0","18","0","1","0","0","0","0","4","11.4","2.9","0.1%"
"169","Dax Milne (WAS)","9","14","83","9.2","22","1","0","1","1","0","1","9","10.9","1.2","0.0%"
"170","Preston Williams (MIA)","6","16","71","11.8","34","3","0","1","7","0","0","6","10.8","1.8","0.1%"
"171","Cameron Batson (ATL)","2","5","15","7.5","13","0","1","2","15","0","0","4","10.0","2.5","0.0%"
"172","KJ Hamler (DEN)","5","10","74","14.8","28","2","0","0","0","0","0","3","9.9","3.3","3.4%"
"173","Penny Hart (SEA)","7","12","59","8.4","16","0","0","0","0","0","0","12","9.4","0.8","0.0%"
"174","Dezmon Patmon (IND)","2","4","21","10.5","14","0","1","0","0","0","0","4","9.1","2.3","0.0%"
"175","Ja'Marcus Bradley (CLE)","4","4","64","16.0","37","2","0","0","0","0","0","4","8.4","2.1","0.0%"
"176","Jaelon Darden (TB)","6","12","43","7.2","29","1","0","1","11","0","0","9","8.4","0.9","0.1%"
"177","Andre Roberts (CAR)","1","2","35","35.0","35","2","0","3","19","0","2","16","7.9","0.5","0.0%"
"178","Juwann Winfree (GB)","8","13","58","7.3","12","0","0","0","0","0","1","5","7.8","1.6","0.0%"
"179","C.J. Board (NYG)","4","6","51","12.8","38","2","0","1","6","0","0","6","7.7","1.3","0.0%"
"180","Mike Thomas (CIN)","5","11","52","10.4","19","0","0","0","0","0","0","7","7.7","1.1","0.1%"
"181","Amari Rodgers (GB)","4","8","45","11.3","19","0","0","1","11","0","0","16","7.6","0.5","1.3%"
"182","Jason Moore Jr. (LAC)","3","4","56","18.7","24","1","0","0","0","0","0","1","7.1","7.1","0.0%"
"183","Alex Erickson (WAS)","3","4","55","18.3","25","1","0","0","0","0","0","17","7.0","0.4","0.0%"
"184","Curtis Samuel (WAS)","6","9","27","4.5","10","0","0","4","11","0","0","5","6.8","1.4","5.9%"
"185","William Fuller V (FA)","4","8","26","6.5","10","0","0","0","0","0","0","2","6.6","3.3","1.4%"
"186","Brandon Powell (LAR)","0","0","0","0","0","0","0","0","0","0","0","6","6.0","1.0","0.1%"
"187","Cody White (PIT)","5","6","33","6.6","11","0","0","0","0","0","0","6","5.8","1.0","0.0%"
"188","Willie Snead IV (SF)","4","8","38","9.5","15","0","0","0","0","0","0","7","5.8","0.8","0.0%"
"189","Pharoh Cooper (FA)","4","11","33","8.3","15","0","0","1","3","0","0","8","5.6","0.7","0.0%"
"190","Greg Dortch (ARI)","3","3","15","5.0","10","0","0","1","24","0","0","5","5.4","1.1","0.0%"
"191","Cody Hollister (TEN)","4","7","33","8.3","14","0","0","0","0","0","0","3","5.3","1.8","0.0%"
"192","D.J. Montgomery (FA)","3","6","36","12.0","14","0","0","0","0","0","0","2","5.1","2.6","0.0%"
"193","Trent Taylor (CIN)","2","3","41","20.5","26","1","0","0","0","0","0","4","5.1","1.3","0.1%"
"194","Gunner Olszewski (PIT)","2","3","31","15.5","22","1","0","1","9","0","0","16","5.0","0.3","0.1%"
"195","J.J. Arcega-Whiteside (SEA)","2","5","36","18.0","23","1","0","0","0","0","0","7","4.6","0.7","0.1%"
"196","KJ Hill Jr. (FA)","3","3","30","10.0","19","0","0","0","0","0","0","6","4.5","0.8","0.0%"
"197","Christian Blake (PIT)","4","10","25","6.3","8","0","0","0","0","0","0","10","4.5","0.5","0.0%"
"198","Trenton Irwin (CIN)","2","5","34","17.0","25","1","0","0","0","0","0","5","4.4","0.9","0.0%"
"199","Kevin White (NO)","1","5","38","38.0","38","2","0","0","0","0","0","4","4.3","1.1","0.0%"
"200","Seth Williams (DEN)","1","1","34","34.0","34","2","0","0","0","0","0","1","3.9","3.9","0.0%"
"201","Jake Kumerow (BUF)","2","6","28","14.0","15","0","0","0","0","0","0","7","3.8","0.5","0.1%"
"202","Mike Strachan (IND)","2","3","26","13.0","16","0","0","0","0","0","0","2","3.6","1.8","0.0%"
"203","Marcus Kemp (NYG)","2","5","24","12.0","16","0","0","0","0","0","0","12","3.4","0.3","0.0%"
"204","Dazz Newsome (FA)","2","5","23","11.5","13","0","0","0","0","0","0","3","3.3","1.1","0.0%"
"205","Tylan Wallace (BAL)","2","6","23","11.5","18","0","0","0","0","0","0","10","3.3","0.3","0.2%"
"206","Keith Kirkwood (CAR)","3","7","17","5.7","7","0","0","0","0","0","0","3","3.2","1.1","0.0%"
"207","David Sills V (NYG)","2","6","17","8.5","12","0","0","0","0","0","0","4","2.7","0.7","0.0%"
"208","Tyron Johnson (LV)","2","5","16","8.0","10","0","0","0","0","0","0","7","2.6","0.4","0.1%"
"209","Tyrell Williams (FA)","2","3","14","7.0","7","0","0","0","0","0","0","1","2.4","2.4","0.0%"
"210","Stanley Morgan Jr. (CIN)","2","4","11","5.5","8","0","0","1","3","0","0","11","2.4","0.2","0.1%"
"211","Davion Davis (FA)","1","3","17","17.0","17","0","0","0","0","0","0","2","2.2","1.1","0.0%"
"212","C.J. Saunders (CAR)","2","2","11","5.5","8","0","0","0","0","0","0","1","2.1","2.1","0.0%"
"213","Jaydon Mickens (FA)","2","3","10","5.0","12","0","0","0","0","0","0","12","2.0","0.2","0.0%"
"214","Frank Darby (ATL)","1","4","14","14.0","14","0","0","0","0","0","0","4","1.9","0.5","0.0%"
"215","Kirk Merritt (NO)","1","3","13","13.0","13","0","0","0","0","0","0","1","1.8","1.8","0.0%"
"216","Andy Isabella (ARI)","1","1","13","13.0","13","0","0","0","0","0","0","3","1.8","0.6","0.1%"
"217","Marvin Hall (FA)","1","1","10","10.0","10","0","0","0","0","0","0","1","1.5","1.5","0.0%"
"218","Tarik Black (NYJ)","1","2","10","10.0","10","0","0","0","0","0","0","1","1.5","1.5","0.0%"
"219","Tommylee Lewis (FA)","1","2","7","7.0","7","0","0","0","0","0","0","2","1.2","0.6","0.0%"
"220","Miles Boykin (PIT)","1","1","6","6.0","6","0","0","0","0","0","0","2","1.1","0.6","0.1%"
"221","Easop Winston Jr. (CLE)","1","1","5","5.0","5","0","0","0","0","0","0","3","1.0","0.3","0.0%"
"222","Keke Coutee (IND)","1","1","5","5.0","5","0","0","0","0","0","0","1","1.0","1.0","0.0%"
"223","Malik Taylor (GB)","2","3","14","7.0","7","0","0","0","0","0","1","7","0.4","0.1","0.0%"
"224","Maurice Ffrench (FA)","0","0","0","0","0","0","0","1","3","0","0","2","0.3","0.2","0.0%"
"225","Tutu Atwell (LAR)","0","0","0","0","0","0","0","0","0","0","0","6","0.0","0.0","0.4%"
"226","Reggie Roberson Jr. (TEN)","0","0","0","0","0","0","0","0","0","0","0","0","0","0","0.0%"
"227","Sage Surratt (LAC)","0","0","0","0","0","0","0","0","0","0","0","0","0","0","0.0%"
"228","Aaron Parker (KC)","0","0","0","0","0","0","0","0","0","0","0","0","0","0","0.0%"
"229","Marquez Stevenson (BUF)","0","0","0","0","0","0","0","0","0","0","0","5","0.0","0.0","0.1%"
"230","Justyn Ross (KC)","0","0","0","0","0","0","0","0","0","0","0","0","0","0","0.7%"
"231","Isaiah Coulter (CHI)","0","1","0","0","0","0","0","0","0","0","0","1","0.0","0.0","0.0%"
"232","Isaiah Zuber (LV)","0","0","0","0","0","0","0","0","0","0","0","0","0","0","0.0%"
"233","Josh Hammond (NE)","0","0","0","0","0","0","0","0","0","0","0","1","0.0","0.0","0.0%"
"234","DeMichael Harris (IND)","0","0","0","0","0","0","0","0","0","0","0","0","0","0","0.0%"
"235","Matt Cole (WAS)","0","0","0","0","0","0","0","0","0","0","0","1","0.0","0.0","0.0%"
"236","Willie Johnson (JAC)","0","0","0","0","0","0","0","0","0","0","0","0","0","0","0.0%"
"237","Dan Chisena (MIN)","0","0","0","0","0","0","0","0","0","0","0","2","0.0","0.0","0.0%"
"238","Chris Olave (NO)","0","0","0","0","0","0","0","0","0","0","0","0","0","0","70.0%"
"239","Andre Baccellia (ARI)","0","0","0","0","0","0","0","0","0","0","0","0","0","0","0.0%"
"240","Jeff Cotton Jr. (JAC)","0","0","0","0","0","0","0","0","0","0","0","0","0","0","0.0%"
"241","Pooka Williams Jr. (FA)","0","0","0","0","0","0","0","0","0","0","0","1","0.0","0.0","0.0%"
"242","T.J. Vasher (DAL)","0","0","0","0","0","0","0","0","0","0","0","0","0","0","0.1%"
"243","John Hurst (IND)","0","0","0","0","0","0","0","0","0","0","0","0","0","0","0.0%"
"244","Chris Finke (CHI)","0","0","0","0","0","0","0","0","0","0","0","0","0","0","0.0%"
"245","Vyncint Smith (FA)","0","1","0","0","0","0","0","0","0","0","0","1","0.0","0.0","0.0%"
"246","Chris Lacy (LV)","0","0","0","0","0","0","0","0","0","0","0","0","0","0","0.0%"
"247","Justin Watson (KC)","0","0","0","0","0","0","0","0","0","0","0","0","0","0","0.1%"
"248","Damion Ratley (FA)","0","0","0","0","0","0","0","0","0","0","0","1","0.0","0.0","0.0%"
"249","Rico Gafford (GB)","0","0","0","0","0","0","0","0","0","0","0","0","0","0","0.0%"
"250","Jordan Veasy (FA)","0","0","0","0","0","0","0","0","0","0","0","2","0.0","0.0","0.0%"
"251","Mason Kinsey (TEN)","0","0","0","0","0","0","0","0","0","0","0","1","0.0","0.0","0.0%"
"252","Darrius Shepherd (DEN)","0","0","0","0","0","0","0","0","0","0","0","0","0","0","0.0%"
"253","Steven Sims Jr. (PIT)","0","0","0","0","0","0","0","0","0","0","0","0","0","0","0.0%"
"254","Aaron Fuller (SEA)","0","0","0","0","0","0","0","0","0","0","0","0","0","0","0.0%"
"255","Lynn Bowden Jr. (MIA)","0","0","0","0","0","0","0","0","0","0","0","0","0","0","0.1%"
"256","Lawrence Cager (NYJ)","0","0","0","0","0","0","0","0","0","0","0","0","0","0","0.0%"
"257","Tyrie Cleveland (DEN)","0","1","0","0","0","0","0","0","0","0","0","4","0.0","0.0","0.1%"
"258","Trishton Jackson (MIN)","0","0","0","0","0","0","0","0","0","0","0","0","0","0","0.0%"
"259","Binjimen Victor (BAL)","0","0","0","0","0","0","0","0","0","0","0","0","0","0","0.0%"
"260","John Hightower (PHI)","0","0","0","0","0","0","0","0","0","0","0","1","0.0","0.0","0.0%"
"261","Tyler Vaughns (PIT)","0","0","0","0","0","0","0","0","0","0","0","0","0","0","0.0%"
"262","Joe Reed (LAC)","0","0","0","0","0","0","0","0","0","0","0","0","0","0","0.0%"
"263","Charleston Rambo (CAR)","0","0","0","0","0","0","0","0","0","0","0","0","0","0","0.0%"
"264","Isaiah Hodgins (BUF)","0","0","0","0","0","0","0","0","0","0","0","0","0","0","0.0%"
"265","Antonio Gandy-Golden (FA)","0","0","0","0","0","0","0","0","0","0","0","1","0.0","0.0","0.0%"
"266","Ishmael Hyman (GB)","0","0","0","0","0","0","0","0","0","0","0","0","0","0","0.0%"
"267","KeeSean Johnson (ATL)","0","0","0","0","0","0","0","0","0","0","0","0","0","0","0.0%"
"268","Gary Jennings Jr. (KC)","0","0","0","0","0","0","0","0","0","0","0","0","0","0","0.0%"
"269","Keelan Doss (NYG)","0","0","0","0","0","0","0","0","0","0","0","0","0","0","0.0%"
"270","Cody Thompson (SEA)","0","0","0","0","0","0","0","0","0","0","0","2","0.0","0.0","0.0%"
"271","KaVontae Turpin (DAL)","0","0","0","0","0","0","0","0","0","0","0","0","0","0","2.0%"
"272","Bisi Johnson (MIN)","0","0","0","0","0","0","0","0","0","0","0","0","0","0","0.1%"
"273","Travis Fulgham (GB)","0","0","0","0","0","0","0","0","0","0","0","0","0","0","0.1%"
"274","Quinton Bell (ATL)","0","0","0","0","0","0","0","0","0","0","0","1","0.0","0.0","0.0%"
"275","Kabion Ento (GB)","0","0","0","0","0","0","0","0","0","0","0","0","0","0","0.0%"
"276","Nsimba Webster (CHI)","0","0","0","0","0","0","0","0","0","0","0","6","0.0","0.0","0.0%"
"277","Romeo Doubs (GB)","0","0","0","0","0","0","0","0","0","0","0","0","0","0","14.9%"
"278","Skyy Moore (KC)","0","0","0","0","0","0","0","0","0","0","0","0","0","0","56.0%"
"279","Kyle Philips (TEN)","0","0","0","0","0","0","0","0","0","0","0","0","0","0","0.7%"
"280","Slade Bolden (BAL)","0","0","0","0","0","0","0","0","0","0","0","0","0","0","0.0%"
"281","Christian Watson (GB)","0","0","0","0","0","0","0","0","0","0","0","0","0","0","28.7%"
"282","Samori Toure (GB)","0","0","0","0","0","0","0","0","0","0","0","0","0","0","0.1%"
"283","Jerreth Sterns (TB)","0","0","0","0","0","0","0","0","0","0","0","0","0","0","0.0%"
"284","Jaquarii Roberson (DAL)","0","0","0","0","0","0","0","0","0","0","0","0","0","0","0.0%"
"285","Dontario Drummond (DAL)","0","0","0","0","0","0","0","0","0","0","0","0","0","0","0.0%"
"286","Alec Pierce (IND)","0","0","0","0","0","0","0","0","0","0","0","0","0","0","9.2%"
"287","Jalen Tolbert (DAL)","0","0","0","0","0","0","0","0","0","0","0","0","0","0","24.1%"
"288","Erik Ezukanma (MIA)","0","0","0","0","0","0","0","0","0","0","0","0","0","0","0.2%"
"289","Khalil Shakir (BUF)","0","0","0","0","0","0","0","0","0","0","0","0","0","0","0.8%"
"290","Calvin Austin III (PIT)","0","0","0","0","0","0","0","0","0","0","0","0","0","0","0.5%"
"291","Jameson Williams (DET)","0","0","0","0","0","0","0","0","0","0","0","0","0","0","25.4%"
"292","Calvin Jackson Jr. (NYJ)","0","0","0","0","0","0","0","0","0","0","0","0","0","0","0.0%"
"293","Kalil Pimpleton (DET)","0","0","0","0","0","0","0","0","0","0","0","0","0","0","0.0%"
"294","Jalen Virgil (DEN)","0","0","0","0","0","0","0","0","0","0","0","0","0","0","0.0%"
"295","Stanley Berryhill III (ATL)","0","0","0","0","0","0","0","0","0","0","0","0","0","0","0.0%"
"296","Tanner Conner (MIA)","0","0","0","0","0","0","0","0","0","0","0","0","0","0","0.0%"
"297","Velus Jones Jr. (CHI)","0","0","0","0","0","0","0","0","0","0","0","0","0","0","1.8%"
"298","Kaylon Geiger (TB)","0","0","0","0","0","0","0","0","0","0","0","0","0","0","0.0%"
"299","Tyler Snead (PIT)","0","0","0","0","0","0","0","0","0","0","0","0","0","0","0.0%"
"300","Danny Gray (SF)","0","0","0","0","0","0","0","0","0","0","0","0","0","0","0.8%"
"301","Jalen Nailor (MIN)","0","0","0","0","0","0","0","0","0","0","0","0","0","0","0.1%"
"302","Deven Thompkins (TB)","0","0","0","0","0","0","0","0","0","0","0","0","0","0","0.0%"
"303","Bo Melton (SEA)","0","0","0","0","0","0","0","0","0","0","0","0","0","0","0.1%"
"304","Tay Martin (SF)","0","0","0","0","0","0","0","0","0","0","0","0","0","0","0.0%"
"305","Simi Fehoko (DAL)","0","0","0","0","0","0","0","0","0","0","0","0","0","0","0.1%"
"306","Drake London (ATL)","0","0","0","0","0","0","0","0","0","0","0","0","0","0","77.3%"
"307","David Bell (CLE)","0","0","0","0","0","0","0","0","0","0","0","0","0","0","3.1%"
"308","Jahan Dotson (WAS)","0","0","0","0","0","0","0","0","0","0","0","0","0","0","33.2%"
"309","Landen Akers (LAR)","0","0","0","0","0","0","0","0","0","0","0","1","0.0","0.0","0.0%"
"310","Michael Bandy (LAC)","0","0","0","0","0","0","0","0","0","0","0","2","0.0","0.0","0.0%"
"311","Tim Jones (JAC)","0","0","0","0","0","0","0","0","0","0","0","0","0","0","0.0%"
"312","Dillon Stoner (LV)","0","0","0","0","0","0","0","0","0","0","0","2","0.0","0.0","0.0%"
"313","DJ Turner (LV)","0","0","0","0","0","0","0","0","0","0","0","0","0","0","0.0%"
"314","Connor Wedington (HOU)","0","0","0","0","0","0","0","0","0","0","0","0","0","0","0.0%"
"315","Blake Proehl (MIN)","0","0","0","0","0","0","0","0","0","0","0","0","0","0","0.0%"
"316","Myron Mitchell (MIN)","0","0","0","0","0","0","0","0","0","0","0","0","0","0","0.0%"
"317","Brandon Smith (DAL)","0","0","0","0","0","0","0","0","0","0","0","1","0.0","0.0","0.0%"
"318","Bailey Gaither (BAL)","0","0","0","0","0","0","0","0","0","0","0","0","0","0","0.0%"
"319","Osirus Mitchell (FA)","0","0","0","0","0","0","0","0","0","0","0","1","0.0","0.0","0.0%"
"320","Kawaan Baker (NO)","0","0","0","0","0","0","0","0","0","0","0","1","0.0","0.0","0.0%"
"321","Tre Nixon (NE)","0","0","0","0","0","0","0","0","0","0","0","0","0","0","0.0%"
"322","Jalen Camp (HOU)","0","0","0","0","0","0","0","0","0","0","0","1","0.0","0.0","0.0%"
"323","Austin Trammell (LAR)","0","0","0","0","0","0","0","0","0","0","0","0","0","0","0.0%"
"324","Jacob Harris (LAR)","0","0","0","0","0","0","0","0","0","0","0","1","0.0","0.0","0.0%"
"325","Ethan Fernea (IND)","0","0","0","0","0","0","0","0","0","0","0","0","0","0","0.0%"
"326","Dennis Houston (DAL)","0","0","0","0","0","0","0","0","0","0","0","0","0","0","0.0%"
"327","Mike Harley Jr. (CLE)","0","0","0","0","0","0","0","0","0","0","0","0","0","0","0.0%"
"328","Kendric Pryor (CIN)","0","0","0","0","0","0","0","0","0","0","0","0","0","0","0.0%"
"329","Kwamie Lassiter II (CIN)","0","0","0","0","0","0","0","0","0","0","0","0","0","0","0.0%"
"330","Neil Pau'u (BUF)","0","0","0","0","0","0","0","0","0","0","0","0","0","0","0.0%"
"331","Andre Miller (NYG)","0","0","0","0","0","0","0","0","0","0","0","0","0","0","0.0%"
"332","Lance McCutcheon (LAR)","0","0","0","0","0","0","0","0","0","0","0","0","0","0","0.0%"
"333","Raleigh Webb (BAL)","0","0","0","0","0","0","0","0","0","0","0","0","0","0","0.0%"
"334","Shemar Bridges (BAL)","0","0","0","0","0","0","0","0","0","0","0","0","0","0","0.0%"
"335","Kevin Shaa (CHI)","0","0","0","0","0","0","0","0","0","0","0","0","0","0","0.0%"
"336","Rashid Shaheed (NO)","0","0","0","0","0","0","0","0","0","0","0","0","0","0","0.0%"
"337","Jared Bernhardt (ATL)","0","0","0","0","0","0","0","0","0","0","0","0","0","0","0.0%"
"338","Samson Nacua (IND)","0","0","0","0","0","0","0","0","0","0","0","0","0","0","0.0%"
"339","Justin Hall (LV)","0","0","0","0","0","0","0","0","0","0","0","0","0","0","0.0%"
"340","Chris Pierce Jr. (ARI)","0","0","0","0","0","0","0","0","0","0","0","0","0","0","0.0%"
"341","Maurice Alexander (DET)","0","0","0","0","0","0","0","0","0","0","0","0","0","0","0.0%"
"342","Keric Wheatfall (PHI)","0","0","0","0","0","0","0","0","0","0","0","0","0","0","0.0%"
"343","Kevin Kassis (SEA)","0","0","0","0","0","0","0","0","0","0","0","0","0","0","0.0%"
"344","Irvin Charles (NYJ)","0","0","0","0","0","0","0","0","0","0","0","0","0","0","0.0%"
"345","Dai'Jean Dixon (NO)","0","0","0","0","0","0","0","0","0","0","0","0","0","0","0.0%"
"346","Gerrit Prince (JAC)","0","0","0","0","0","0","0","0","0","0","0","0","0","0","0.0%"
"347","Britain Covey (PHI)","0","0","0","0","0","0","0","0","0","0","0","0","0","0","0.0%"
"348","Brandon Johnson (DEN)","0","0","0","0","0","0","0","0","0","0","0","0","0","0","0.0%"
"349","Trevon Bradford (LAC)","0","0","0","0","0","0","0","0","0","0","0","0","0","0","0.0%"
"350","Johnny Johnson III (HOU)","0","0","0","0","0","0","0","0","0","0","0","0","0","0","0.0%"
"351","Braylon Sanders (MIA)","0","0","0","0","0","0","0","0","0","0","0","0","0","0","0.0%"
"352","Jontre Kirklin (ARI)","0","0","0","0","0","0","0","0","0","0","0","0","0","0","0.0%"
"353","JaVonta Payton (ARI)","0","0","0","0","0","0","0","0","0","0","0","0","0","0","0.0%"
"354","Danny Davis (GB)","0","0","0","0","0","0","0","0","0","0","0","0","0","0","0.0%"
"355","Kyric McGowan (WAS)","0","0","0","0","0","0","0","0","0","0","0","0","0","0","0.0%"
"356","Stone Smartt (LAC)","0","0","0","0","0","0","0","0","0","0","0","0","0","0","0.0%"
"357","Ra'Shaun Henry (CAR)","0","0","0","0","0","0","0","0","0","0","0","0","0","0","0.0%"
"358","Derek Wright (CAR)","0","0","0","0","0","0","0","0","0","0","0","0","0","0","0.0%"
"359","Drew Estrada (HOU)","0","0","0","0","0","0","0","0","0","0","0","0","0","0","0.0%"
"360","Dareke Young (SEA)","0","0","0","0","0","0","0","0","0","0","0","0","0","0","0.0%"
"361","Montrell Washington (DEN)","0","0","0","0","0","0","0","0","0","0","0","0","0","0","0.1%"
"362","Devon Allen (PHI)","0","0","0","0","0","0","0","0","0","0","0","0","0","0","0.0%"
"363","Wan'Dale Robinson (NYG)","0","0","0","0","0","0","0","0","0","0","0","0","0","0","6.5%"
"364","George Pickens (PIT)","0","0","0","0","0","0","0","0","0","0","0","0","0","0","42.1%"
"365","Tyquan Thornton (NE)","0","0","0","0","0","0","0","0","0","0","0","0","0","0","0.9%"
"366","Treylon Burks (TEN)","0","0","0","0","0","0","0","0","0","0","0","0","0","0","58.7%"
"367","John Metchie III (HOU)","0","0","0","0","0","0","0","0","0","0","0","0","0","0","1.4%"
"368","Garrett Wilson (NYJ)","0","0","0","0","0","0","0","0","0","0","0","0","0","0","55.7%"
"369","Kevin Austin Jr. (JAC)","0","0","0","0","0","0","0","0","0","0","0","0","0","0","0.0%"
"370","Makai Polk (BAL)","0","0","0","0","0","0","0","0","0","0","0","0","0","0","0.0%"
"371","Cornell Powell (KC)","0","0","0","0","0","0","0","0","0","0","0","0","0","0","0.0%"
"372","Cade Johnson (SEA)","0","0","0","0","0","0","0","0","0","0","0","0","0","0","0.0%"
"373","Daurice Fountain (KC)","0","0","0","0","0","0","0","0","0","0","0","1","0.0","0.0","0.0%"
"374","Demario Ballard (DET)","0","0","0","0","0","0","0","0","0","0","0","0","0","0","0.0%"
"375","Patrick Edwards (DET)","0","0","0","0","0","0","0","0","0","0","0","0","0","0","0.0%"
"376","Eron Riley (NYJ)","0","0","0","0","0","0","0","0","0","0","0","0","0","0","0.0%"
"377","John Brown (FA)","0","3","0","0","0","0","0","0","0","0","0","3","0.0","0.0","2.0%"
"378","Jordan Matthews (SF)","0","0","0","0","0","0","0","0","0","0","0","0","0","0","0.0%"
"379","Marko Mitchell (MIN)","0","0","0","0","0","0","0","0","0","0","0","0","0","0","0.0%"
"380","Lance Long (SF)","0","0","0","0","0","0","0","0","0","0","0","0","0","0","0.0%"
"381","Kenny McKinley (DEN)","0","0","0","0","0","0","0","0","0","0","0","0","0","0","0.0%"
"382","Bobby Wade (WAS)","0","0","0","0","0","0","0","0","0","0","0","0","0","0","0.0%"
"383","Chris Henry (CIN)","0","0","0","0","0","0","0","0","0","0","0","0","0","0","0.0%"
"384","Matthew Slater (NE)","0","0","0","0","0","0","0","0","0","0","0","10","0.0","0.0","0.0%"
"385","Onrea Jones (CHI)","0","0","0","0","0","0","0","0","0","0","0","0","0","0","0.0%"
"386","Taj Smith (IND)","0","0","0","0","0","0","0","0","0","0","0","0","0","0","0.0%"
"387","Nate Hughes (JAC)","0","0","0","0","0","0","0","0","0","0","0","0","0","0","0.0%"
"388","Rod Harper (PHI)","0","0","0","0","0","0","0","0","0","0","0","0","0","0","0.0%"
"389","Mike Furrey (WAS)","0","0","0","0","0","0","0","0","0","0","0","0","0","0","0.0%"
"390","Maurice Purify (CIN)","0","0","0","0","0","0","0","0","0","0","0","0","0","0","0.0%"
"391","Sam Giguere (NYG)","0","0","0","0","0","0","0","0","0","0","0","0","0","0","0.0%"
"392","Marken Michel (WAS)","0","0","0","0","0","0","0","0","0","0","0","0","0","0","0.0%"
"393","Geronimo Allison (ATL)","0","2","0","0","0","0","0","0","0","0","0","1","0.0","0.0","0.0%"
"394","Victor Bolden Jr. (ARI)","0","0","0","0","0","0","0","0","0","0","0","0","0","0","0.0%"
"395","Robert Foster (NYG)","0","0","0","0","0","0","0","0","0","0","0","0","0","0","0.0%"
"396","Javon Wims (CLE)","0","0","0","0","0","0","0","0","0","0","0","0","0","0","0.0%"
"397","Richie James Jr. (NYG)","0","0","0","0","0","0","0","0","0","0","0","0","0","0","0.1%"
"398","Trey Quinn (DEN)","0","0","0","0","0","0","0","0","0","0","0","0","0","0","0.0%"
"399","Deon Cain (PHI)","0","0","0","0","0","0","0","0","0","0","0","0","0","0","0.0%"
"400","River Cracraft (MIA)","0","0","0","0","0","0","0","0","0","0","0","3","0.0","0.0","0.0%"
"401","Rodney Adams (FA)","0","1","0","0","0","0","0","0","0","0","0","1","0.0","0.0","0.0%"
"402","Ryan Switzer (FA)","0","0","0","0","0","0","0","0","0","0","0","1","0.0","0.0","0.0%"
"403","David Moore (CHI)","0","2","0","0","0","0","0","0","0","0","0","2","0.0","0.0","0.0%"
"404","Tanner Gentry (BUF)","0","0","0","0","0","0","0","0","0","0","0","0","0","0","0.0%"
"405","Bug Howard (TB)","0","0","0","0","0","0","0","0","0","0","0","0","0","0","0.0%"
"406","Justin Hardee (NYJ)","0","0","0","0","0","0","0","0","0","0","0","11","0.0","0.0","0.0%"
"407","JoJo Natson (FA)","0","0","0","0","0","0","0","0","0","0","0","3","0.0","0.0","0.0%"
"408","Michael Thomas (NO)","0","0","0","0","0","0","0","0","0","0","0","0","0","0","92.7%"
"409","Allen Hurns (FA)","0","0","0","0","0","0","0","0","0","0","0","4","0.0","0.0","0.0%"
"410","Corey Coleman (KC)","0","0","0","0","0","0","0","0","0","0","0","0","0","0","0.0%"
"411","Daylen Baldwin (CLE)","0","0","0","0","0","0","0","0","0","0","0","0","0","0","0.0%"
"412","Ty Montgomery (NE)","16","26","95","5.9","21","1","0","15","44","0","0","14","0.0","0.0","1.0%"
"413","Devin Smith (FA)","0","1","0","0","0","0","0","0","0","0","0","1","0.0","0.0","0.0%"
"414","Devin Funchess (DET)","0","0","0","0","0","0","0","0","0","0","0","0","0","0","0.0%"
"415","Racey McMath (TEN)","2","6","8","4.0","9","0","0","0","0","0","1","6","-0.2","-0.0","0.0%"
"416","Alex Bachman (NYG)","0","0","0","0","0","0","0","1","-3","0","0","2","-0.3","-0.2","0.0%"
"417","J.J. Koski (FA)","0","0","0","0","0","0","0","0","0","0","1","3","-2.0","-0.7","0.0%"
"418","Travis Benjamin (FA)","0","5","0","0","0","0","0","0","0","0","1","5","-2.0","-0.4","0.0%"
"419","Diontae Spencer (FA)","1","4","-3","-3.0","0","0","0","0","0","0","2","15","-3.8","-0.3","0.0%"
""
""